"Astra Honda Motor, PT",SUNTER (P1E2)
"Astra Honda Motor, PT",SUNTER (P1P4)
"Astra Honda Motor, PT",SUNTER (P1E4)
"Astra Honda Motor, PT",SUNTER (P1P2)
"Astra Honda Motor, PT",CIBITUNG (P3P3)
"Astra Honda Motor, PT",CIBITUNG (P3P2)
"Astra Honda Motor, PT",CIBITUNG (P3P1)
"Astra Honda Motor, PT",CIBITUNG (P3E3)
"Astra Honda Motor, PT",CIBITUNG (P3E2)
"Astra Honda Motor, PT",CIBITUNG (P3E1)
"Astra Honda Motor, PT",CIBITUNG (CEA1)
"Astra Honda Motor, PT",CIBITUNG (CBA1)
"Astra Honda Motor, PT",CIBITUNG (CCA1)
"Astra Honda Motor, PT",AHM 4 (P7P1)
"Astra Honda Motor, PT",AHM 5 (P8P1)
"Astra Honda Motor, PT",AHM 5 (P8P4)
"Astra Honda Motor, PT",AHM 6 (P9A1)
"Astra Honda Motor, PT",AHM 6 (P9P1)
"Astra Honda Motor, PT",AHM 6 (P9E1)
"Astra Honda Motor, PT",AHM 6 (P9E4)
"Astra Honda Motor, PT",AHM 6 (GAA1)
"Astra Honda Motor, PT",AHM ONE PACK (P3P4)
"Astra Honda Motor, PT",AHM 2 (P2P1)
"Astra Honda Motor, PT",AHM 2 (P2P2)
Inoac polytechno Indonesia,KRW
